x,y,vx,vy,ang,angVel,t
2.549254255686405,6.8691483534560716,0.0,0.0,3.6320220376173826,0.0,0.0
8.267,5.77,0.0,0.0,2.951674888076451,0.0,2.058624454431962
