x,y,vx,vy,ang,angVel,t
4.106,6.787,0.0,0.0,3.443562012656244,0.0,0.0
2.858,7.034,0.0,0.0,6.087793752663012,0.0,0.9618950701639416
