x,y,vx,vy,ang,angVel,t
2.31544174107146,6.872267660491987,0.0,0.0,3.514580375389855,0.0,0.0
4.906024061267769,4.4003379656481805,1.4282549689494466,-0.7723161705532563,2.613518205163433,0.0,1.3438988173950308
7.929938205135024,1.104352207821669,0.0,0.0,2.201875714266225,0.0,2.7644122662089345
