x,y,vx,vy,ang,angVel,t
4.106,6.787,0.0,0.0,3.443562012656244,0.0,0.0
4.014126974102252,4.801902823830361,2.243211509771687,-3.2642743791558684,3.378457138095122,-0.16279287235189654,0.8765847173594947
6.2295295710597305,4.177286431656668,3.490450431054983,-3.352905263162383,3.295764291712979,-0.1948288405530978,1.4154462264894532
8.267,0.732,0.0,0.0,1.9311243408015712,0.0,2.6547890494476896
