x,y,vx,vy,ang,angVel,t
2.473645241541463,6.852492222933236,0.0,0.0,3.642856918461375,0.0,0.0
2.0583610528077037,5.25068178067445,0.5273450015666785,-1.9116256306792088,1.7975951748487824,0.0,1.0496340559098918
2.5725224293352156,4.420113403206931,0.0,0.0,2.289626326416521,0.0,1.7978835446488843
