x,y,vx,vy,ang,angVel,t
4.106,6.787,0.0,0.0,3.443562012656244,0.0,0.0
8.267,7.45,0.0,0.0,3.2996011035263413,0.0,1.7505301125460806
