x,y,vx,vy,ang,angVel,t
8.267,7.45,0.0,0.0,3.141592653589793,0.0,0.0
3.706,6.787,0.0,0.0,3.443562012656244,0.0,1.8308340644463283
