x,y,vx,vy,ang,angVel,t
2.858,7.034,0.0,0.0,3.920787827659385,0.0,0.0
8.267,7.5,0.0,0.0,3.2428328660491705,0.0,1.986311969666627
