x,y,vx,vy,ang,angVel,t
2.3154417410714596,6.872267660491987,0.0,0.0,3.514580375389855,0.0,0.0
4.906024061267769,4.4003379656481805,1.4282549689494466,-0.7723161705532563,2.613518205163433,0.0,1.8496779646473644
7.929938205135024,1.104352207821669,0.0,0.0,2.2018757142662255,0.0,3.78373169541342
