x,y,vx,vy,ang,angVel,t
2.549254255686405,6.8691483534560716,0.0,0.0,3.6320220376173826,0.0,0.0
3.706724281563834,6.181018430922225,2.086680135491601,-2.8205906796358486,3.5517932805785044,-0.2398516705994201,0.7045828727822792
4.583560873624121,4.560425567214018,3.962707589007846,-1.9039226497955521,3.4129582745200757,-0.33989413465811213,1.1507609071791323
8.267,4.122,0.0,0.0,3.2231475992119663,0.0,2.3544871887010146
