x,y,vx,vy,ang,angVel,t
0.8089368258859782,6.5870570107858235,0.0,0.0,4.00857036352371,0.0,0.0
2.85824345146379,6.325115562403697,2.311248073959938,-0.2054442732408853,3.513110508736502,0.0,1.2445982134023068
5.647149460708782,6.6795069337442206,1.4381099126861823,-0.46224961479198967,2.8785979219088738,0.0,2.356982898115141
7.696456086286593,6.032357473035438,0.0,0.0,2.7810266531116876,0.0,3.6685462521819554
