x,y,vx,vy,ang,angVel,t
4.106,6.787,0.0,0.0,3.443562012656244,0.0,0.0
4.317001713869377,4.823643813270874,2.6458596684606013,-2.7825719560643085,3.3651396875213044,-0.1920135900660467,0.8776674657986938
8.267,2.411,0.0,0.0,2.6903008969493585,0.0,2.271127505678357
