x,y,vx,vy,ang,angVel,t
2.31544174107146,6.872267660491987,0.0,0.0,3.514580375389855,0.0,0.0
7.793237944845335,6.16035190837697,0.0,0.0,2.613518205163433,0.0,1.9959588634445395
