x,y,vx,vy,ang,angVel,t
0.722,6.592,0.0,0.0,4.146,0.0,0.0
3.241007397711361,6.451298883873281,4.3105577355794225,-1.411143486664171,3.8375852790931546,-0.5738311274673715,0.9651967183549154
5.808631577944648,6.670657759688043,4.411506505630351,-2.0577724260481154,3.555684314417276,-0.611421261361849,1.4898326860425608
8.267,4.122,0.0,0.0,2.060426397332753,0.0,2.6487241523243794
