x,y,vx,vy,ang,angVel,t
0.722,6.592,0.0,0.0,4.146,0.0,0.0
2.4420486482554566,7.625265521584652,4.3559273138025185,0.8055165653538832,3.9098078157960896,-0.5615233864694187,0.8572935849225723
5.612878376728651,7.266257362273095,4.607236088035479,-0.5019414266885568,3.5122167251519376,-0.6133256160992786,1.4762137696376862
8.267,5.77,0.0,0.0,2.273245816427891,0.0,2.549836229247389
