x,y,vx,vy,ang,angVel,t
2.473645241541463,6.852492222933236,0.0,0.0,3.642856918461375,0.0,0.0
2.058361052807704,5.25068178067445,0.5273450015666785,-1.9116256306792088,2.4001197678441573,0.0,1.0496340559098916
2.4032524049687343,4.4881492235807325,0.0,0.0,2.6890147031190943,0.0,1.7647492650425334
