x,y,vx,vy,ang,angVel,t
0.8089368258859782,6.5870570107858235,0.0,0.0,4.00857036352371,0.0,0.0
2.85824345146379,6.325115562403697,2.311248073959938,-0.2054442732408853,3.513110508736502,0.0,1.2445982134023068
4.768875192604005,4.553158705701078,1.4381099126861823,-0.46224961479198967,2.8785979219088738,0.0,2.6512349474743004
7.896764252696455,2.673343605546995,0.0,0.0,2.534987544995266,0.0,4.39423127534697
