x,y,vx,vy,ang,angVel,t
0.7627118644067792,6.694915254237287,0.0,0.0,4.104586984270729,0.0,0.0
1.5624851261648154,6.496648834056761,0.03130970995026757,-1.4916950708609842,2.690931327509157,0.0,1.0298456724844438
2.379897758335292,4.604922456747944,0.0,0.0,2.468699,0.0,2.2709814787497065
