x,y,vx,vy,ang,angVel,t
4.106,6.787,0.0,0.0,3.443562012656244,0.0,0.0
2.858,5.57,0.0,0.0,0.7728227614250969,0.0,1.12594398239389
