x,y,vx,vy,ang,angVel,t
4.018049628384676,6.43371461066371,0.0,0.0,3.653982113900531,0.0,0.0
2.1145264759942917,6.230672141075402,0.0,0.0,3.4825716070861423,0.0,1.5931198542023906
2.545991723869445,6.865179858538864,0.0,0.0,3.741642866991547,0.0,2.5129080308774787
