x,y,vx,vy,ang,angVel,t
0.722,6.592,0.0,0.0,4.146,0.0,0.0
2.858,5.57,0.0,0.0,2.6953214594598975,0.0,1.3122932732487471
