x,y,vx,vy,ang,angVel,t
4.027339071930326,6.516908386154721,0.0,0.0,3.3748896051264206,0.0,0.0
5.965331952687871,6.853090824653478,2.9003975086167317,-0.19775437558750517,3.1755931510622144,0.0,1.1919712435118492
7.804447645651662,4.420712004927173,0.0,0.0,2.3864882501111184,0.0,2.9349450990774693
