x,y,vx,vy,ang,angVel,t
2.473645241541463,6.852492222933236,0.0,0.0,3.642856918461375,0.0,0.0
2.169705938634312,6.37987560088955,0.07784882211147408,-1.089883509560634,2.521343167606971,0.0,0.6701636039068773
2.4499616982356187,5.912782668220706,0.0,0.0,2.710453912871011,0.0,1.2566036685430593
