x,y,vx,vy,ang,angVel,t
4.106,6.787,0.0,0.0,3.443562012656244,0.0,0.0
3.688506800633032,5.3558356199319475,-1.9530486879931033,-2.2747067820369034,3.1089815383704025,-0.7436824992129224,0.7593924700088124
2.319025617786316,4.373641072895287,1.0533391401983998,-0.5152442680186711,2.6866600333909885,0.0,1.6750811293179788
2.543598277042018,4.263790625855584,0.0,0.0,2.6866600333909885,0.0,1.984113380829462
