x,y,vx,vy,ang,angVel,t
7.685795020299159,7.505680264092243,0.0,0.0,3.166278995645392,0.0,0.0
4.225093447517831,6.675111886624723,0.0,0.0,3.389882562892861,0.0,2.217613962445865
