x,y,vx,vy,ang,angVel,t
3.706,6.787,0.0,0.0,3.443562012656244,0.0,0.0
1.883,6.178,0.0,-1.0,3.1415,0.0,0.8
2.858,5.8,0.0,0.0,3.1415,0.0,1.42594398239389
