x,y,vx,vy,ang,angVel,t
2.549254255686405,6.869148353456072,0.0,0.0,3.632022037617383,0.0,0.0
3.706724281563834,6.181018430922225,2.086680135491601,-2.8205906796358486,3.5517932805785044,-0.2398516705994201,0.7045828727822792
4.583560873624121,4.560425567214018,3.962707589007846,-1.903922649795552,3.412958274520076,-0.3398941346581121,1.1507609071791323
8.267,4.122,0.0,0.0,3.2231475992119663,0.0,2.3544871887010146
