x,y,vx,vy,ang,angVel,t
0.722,6.592,0.0,0.0,4.146,0.0,0.0
2.858,7.034,0.0,0.0,3.3456415948517852,0.0,1.2595098423511106
