x,y,vx,vy,ang,angVel,t
4.027339071930326,6.516908386154721,0.0,0.0,3.374889605126421,0.0,0.0
5.965331952687871,6.853090824653478,2.900397508616732,-0.1977543755875051,3.1755931510622144,0.0,0.8672544885867532
7.804447645651662,4.420712004927173,0.0,0.0,2.3864882501111184,0.0,2.162309422166012
