x,y,vx,vy,ang,angVel,t
4.106,6.787,0.0,0.0,3.443562012656244,0.0,0.0
8.267,5.77,0.0,0.0,2.901879781777866,0.0,1.7650096185174617
