x,y,vx,vy,ang,angVel,t
0.722,6.592,0.0,0.0,4.146,0.0,0.0
2.778851563634133,6.171711109590833,4.242744799394038,0.4824751541259231,3.8819642176120044,-0.5648037170914604,0.8794130907425839
8.267,7.45,0.0,0.0,3.409138305642854,0.0,2.430143026310226
