x,y,vx,vy,ang,angVel,t
2.858,7.034,0.0,0.0,3.9207878276593853,0.0,1.2550725410627266
8.267,7.45,0.0,0.0,3.2428328660491705,0.0,2.044940664722347
