x,y,vx,vy,ang,angVel,t
4.027339071930326,6.516908386154721,0.0,0.0,3.3748896051264206,0.0,0.0
5.055661824985349,4.203182191780918,2.9003975086167317,-0.19775437558750517,3.1755931510622144,0.0,1.7286998859469038
7.863773958327913,2.7397998124333847,0.0,0.0,2.536047989984823,0.0,3.279299283611028
