x,y,vx,vy,ang,angVel,t
2.549254255686405,6.8691483534560716,0.0,0.0,3.6320220376173826,0.0,0.0
8.267,7.45,0.0,0.0,3.2428328660491705,0.0,2.044940664722347
