x,y,vx,vy,ang,angVel,t
2.9203807854652095,7.275524240982195,0.0,0.0,3.9184440165546297,0.0,0.0
1.2895153918547952,5.814268848307264,0.0,0.0,3.141592653589793,0.0,1.4746142517555405
