x,y,vx,vy,ang,angVel,t
4.018049628384676,6.43371461066371,0.0,0.0,3.653982113900531,0.0,0.0
2.1145264759942917,6.230672141075402,0.0,0.0,2.5873794475183884,0.0,1.5931198542023906
2.4444704890752913,5.723065967104634,0.0,0.0,2.6590793585673165,0.0,2.415803409380823
