x,y,vx,vy,ang,angVel,t
0.8089368258859782,6.587057010785824,0.0,0.0,4.00857036352371,0.0,0.0
2.85824345146379,6.325115562403697,2.311248073959938,-0.2054442732408853,3.513110508736502,0.0,0.9409773142594756
4.768875192604005,4.553158705701078,1.4381099126861825,-0.4622496147919896,2.8785979219088738,0.0,1.9389785791437393
7.8659476117103235,1.0862865947611704,0.0,0.0,2.534987544995266,0.0,3.447255017805999
