x,y,vx,vy,ang,angVel,t
4.027339071930326,6.516908386154721,0.0,0.0,3.3748896051264206,0.0,0.0
5.965331952687871,6.853090824653478,2.9003975086167317,-0.19775437558750517,3.1755931510622144,0.0,1.1919712435118492
7.74512133297541,5.903869821833457,0.0,0.0,2.854847249457852,0.0,2.3312415399539637
