x,y,vx,vy,ang,angVel,t
2.3154417410714596,6.872267660491987,0.0,0.0,3.514580375389855,0.0,0.0
7.714136194610333,7.44575534969575,0.0,0.0,3.1547497890625475,0.0,2.9928111147488825
