x,y,vx,vy,ang,angVel,t
7.83513097072419,7.38828967642527,0.0,0.0,3.3850720674651575,0.0,0.0
5.292758089368259,6.617873651771957,-1.6435541859270675,-1.4381099126861823,3.335602221865123,0.0,1.3915890713449608
4.229583975346687,5.585516178736517,0.0,0.0,3.130723516412523,0.0,2.2672348821681494
