x,y,vx,vy,ang,angVel,t
2.549254255686405,6.8691483534560716,0.0,0.0,3.6320220376173826,0.0,0.0
2.2581411324663723,5.556986966484575,1.1723281191456512,0.025431890618275187,3.163282743462105,0.0,1.0419627231759474
2.5080823272720507,5.562409063782669,0.0,0.0,3.163282743462105,0.0,1.3509949746874306
