x,y,vx,vy,ang,angVel,t
1.52,2.655,0.0,0.0,3.141,0.0,0.0
8.267,0.732,0.0,0.0,2.863939103158504,0.0,2.275580412373031
