x,y,vx,vy,ang,angVel,t
1.52,2.655,0.0,0.0,3.141,0.0,0.0
4.029275808936825,2.9969183359013862,3.4582636710508274,2.210016801343832,3.141138566192873,0.0003303632285418,0.7640905979612309
5.585516178736517,4.198767334360554,4.4688037588166125,0.971651862188228,3.1413247874141383,0.0003925378078766,1.1567707968517933
8.267,4.122,0.0,0.0,2.8760598722655897,0.0,1.9297436536298214
