x,y,vx,vy,ang,angVel,t
1.52,2.655,0.0,0.0,3.141,0.0,0.0
3.875192604006163,3.120184899845916,3.865116394903413,1.7844727390135071,3.1411591507678174,0.0003395101684319,0.7283626976311076
5.73959938366718,4.260400616332819,3.660577969196056,2.6088755560740338,3.1412652651460853,0.0003522592120803,1.149797714390051
8.267,5.77,0.0,0.0,3.427996351500973,0.0,1.969504882013108
