x,y,vx,vy,ang,angVel,t
1.52,2.655,0.0,0.0,3.141,0.0,0.0
2.44976767512486,4.78795102332924,3.512867779501674,2.496546761925378,3.1411427322919985,0.0003085688009472,0.9391300088307235
8.267,7.45,0.0,0.0,3.516978800907724,0.0,2.5855415698321202
