x,y,vx,vy,ang,angVel,t
1.52,2.655,0.0,0.0,3.141,0.0,0.0
5.241148092395212,1.319643123378604,4.516137558901583,-0.1633225973576382,3.1413306735437345,0.0003966955885999,1.2422281234273695
8.267,2.411,0.0,0.0,3.7851183202076,0.0,2.351173681676351
