x,y,vx,vy,ang,angVel,t
7.696456086286594,4.26040061633282,0.0,0.0,2.976443976175167,0.0,0.0
5.44684129429892,4.229583975346687,-2.619414483821263,0.667693888032872,2.948381169741986,0.0,1.2883376765147885
4.229583975346687,5.585516178736517,0.0,0.0,3.130723516412523,0.0,2.4467073805079296
