x,y,vx,vy,ang,angVel,t
8.267,4.122,0.0,0.0,3.141592653589793,0.0,0.0
8.267,2.411,0.0,0.0,1.5707963267948966,0.0,1.1155104824086755
