x,y,vx,vy,ang,angVel,t
7.843998520769163,4.124080441545916,0.0,0.0,3.1679023708427145,0.0,0.0
4.225093447517831,3.293512064078397,-1.5820350047000369,-0.8569356275458517,2.9889433251945285,0.0,1.88047062417832
2.0695707536140318,2.9573296255796393,0.0,0.0,2.283979859039637,0.0,3.2155236839129104
