x,y,vx,vy,ang,angVel,t
8.267,4.122,0.0,0.0,3.141592653589793,0.0,0.0
6.991100601323932,6.364200314189191,-3.2840744566979896,2.10335458473928,3.281154710844543,0.23832969450026317,1.004549820359514
4.106,6.787,0.0,0.0,3.443562012656244,0.0,2.0775869368707607
