x,y,vx,vy,ang,angVel,t
7.881355932203389,6.0323574730354395,0.0,0.0,2.889902681831607,0.0,0.0
5.600924499229583,6.386748844375963,-2.2085259373394956,-0.15408320493066027,3.335602221865123,0.0,1.3222183978040967
4.229583975346687,5.585516178736517,0.0,0.0,3.130723516412523,0.0,2.306997348761798
