x,y,vx,vy,ang,angVel,t
8.267,5.77,0.0,0.0,3.141592653589793,0.0,0.0
6.3200653308806185,4.207541149991377,-3.52961643298862,-0.6234306654022341,3.0835366754126707,-0.0950592983445606,0.9997428592621185
4.168,5.046,0.0,0.0,3.031198770483229,0.0,1.9594421590472222
