x,y,vx,vy,ang,angVel,t
7.764896770534161,6.02252244718596,0.0,0.0,2.8501358591119255,0.0,0.0
4.225093447517831,6.675111886624723,0.0,0.0,3.389882562892861,0.0,2.2492546625398653
