x,y,vx,vy,ang,angVel,t
7.70557045785791,5.429259320423446,0.0,0.0,3.7850937623830765,0.0,0.0
4.225093447517831,3.293512064078397,-1.5820350047000369,-0.8569356275458517,2.9889433251945285,0.0,2.080437033050147
2.0695707536140318,2.9573296255796393,0.0,0.0,2.283979859039637,0.0,3.4154900927847374
