x,y,vx,vy,ang,angVel,t
7.764896770534161,6.02252244718596,0.0,0.0,2.850135859111925,0.0,0.0
4.125093447517831,6.775111886624723,0.0,0.0,3.389882562892861,0.0,1.6044944427261656
