x,y,vx,vy,ang,angVel,t
8.267,5.77,0.0,0.0,3.141592653589793,0.0,0.0
4.106,6.787,0.0,0.0,3.443562012656244,0.0,1.7650096185174617
