x,y,vx,vy,ang,angVel,t
2.5080823272720507,5.562409063782669,0.0,0.0,3.163282743462105,0.0,0.0
4.82428851578901,6.846680411775308,4.156708621447536,0.14983632052864485,3.1543962918643187,-0.015655612511908563,1.0096166483891864
8.267,5.77,0.0,0.0,2.641817003125066,0.0,2.204479899897781
