x,y,vx,vy,ang,angVel,t
2.5716153082422855,5.558458115863758,0.0,0.0,3.141592653589793,0.0,0.0
4.906024061267769,4.4003379656481805,1.4282549689494466,-0.7723161705532563,2.613518205163433,0.0,1.5095752310893782
7.795980132712705,4.101664078271044,0.0,0.0,3.1779402746088143,0.0,3.1588001537727894
