x,y,vx,vy,ang,angVel,t
2.3352171786302103,5.626415094290708,0.0,0.0,3.129545043735607,0.0,0.0
2.35654311170185,4.511503870214175,0.0,0.0,2.654693421778524,0.0,1.219240869873017
