x,y,vx,vy,ang,angVel,t
2.5080823272720507,5.562409063782669,0.0,0.0,3.163282743462105,0.0,0.0
2.328721581176694,6.751397177353266,1.0343899320763583,0.5523019721303436,3.6320220376173826,0.0,0.8693181757467715
2.549254255686405,6.8191483534560716,0.0,0.0,3.6320220376173826,0.0,1.1783504272582543
