x,y,vx,vy,ang,angVel,t
2.5080823272720507,5.562409063782669,0.0,0.0,3.163282743462105,0.0,0.0
8.267,2.411,0.0,0.0,2.640884416046219,0.0,2.193598792575634
