x,y,vx,vy,ang,angVel,t
2.4041677177143868,5.541713356810971,0.0,0.0,3.1970911588355104,0.0,0.0
7.714136194610333,7.44575534969575,0.0,0.0,3.1547497890625475,0.0,1.9651450979315306
