x,y,vx,vy,ang,angVel,t
2.5080823272720507,5.562409063782669,0.0,0.0,3.163282743462105,0.0,0.0
2.319025617786316,4.373641072895287,1.0533391401983998,-0.5152442680186711,2.6866600333909885,0.0,0.8773600581514316
2.543598277042018,4.263790625855584,0.0,0.0,2.6866600333909885,0.0,1.1863923096629148
