x,y,vx,vy,ang,angVel,t
7.74512133297541,2.700248937315884,0.0,0.0,2.8501358591119272,0.0,0.0
5.134763575220351,4.30205937957467,-2.307134381854219,1.252444378720862,3.244036507096917,0.0,1.1597305433671259
3.928461884136574,6.536683823713471,0.0,0.0,3.352346197495001,0.0,2.246886618411409
