x,y,vx,vy,ang,angVel,t
8.267,2.411,0.0,0.0,3.141592653589793,0.0,0.0
5.924793864695871,1.2312506147748863,-4.0603336882733725,0.03518356993894698,2.7888506974503464,-0.614222897525576,1.0076287472018866
2.843,2.458,0.0,0.0,2.3210825054212965,0.0,2.1523309457851103
