x,y,vx,vy,ang,angVel,t
4.168,5.046,0.0,0.0,3.031198770483229,0.0,0.0
2.858,7.034,0.0,0.0,5.295032828144382,0.0,1.3158633325176667
