x,y,vx,vy,ang,angVel,t
4.121725731895223,5.400616332819722,0.0,0.0,3.0970125442888072,0.0,0.0
3.073959938366718,4.969183359013868,-1.0785824345146375,-0.46224961479198967,3.2786588278999815,0.0,0.9566840060138095
1.7796610169491525,4.938366718027735,0.7190549563430919,-0.8731381612737543,2.8248925613022235,0.0,2.3961514500957746
2.5192604006163326,4.322033898305085,0.0,0.0,2.62244653934327,0.0,3.2057663722313983
