x,y,vx,vy,ang,angVel,t
4.168,5.046,0.0,0.0,3.031198770483229,0.0,0.0
5.1976960916210135,4.009298815464918,2.8947755170934886,0.5112997009943118,3.053309132450673,0.0779618224088221,0.8124865988483196
8.267,5.77,0.0,0.0,3.788048932178434,0.0,2.0644075569603437
