x,y,vx,vy,ang,angVel,t
1.317,5.512,0.0,0.0,3.141,0.0,0.0
2.319025617786316,4.373641072895287,1.0533391401983998,-0.5152442680186711,2.6866600333909885,0.0,0.8896262318658705
2.543598277042018,4.263790625855584,0.0,0.0,2.6866600333909885,0.0,1.1986584833773537
