x,y,vx,vy,ang,angVel,t
1.3482280431432974,5.554699537750384,0.0,0.0,3.141592653589793,0.0,0.0
3.7827426810477656,6.325115562403697,1.540832049306625,-0.2054442732408853,3.4310963255511817,0.0,1.0741056066783419
5.955315870570107,6.325115562403697,1.7462763225475086,0.051361068310222,2.8785979219088738,0.0,1.8692101185435632
7.83513097072419,7.203389830508473,0.0,0.0,3.8163335958133446,0.0,2.804205565288025
