x,y,vx,vy,ang,angVel,t
4.121725731895223,5.400616332819722,0.0,0.0,3.0970125442888072,0.0,0.0
3.2434514637904464,6.2326656394453,-1.2326656394453,0.7190549563430941,3.2786588278999815,0.0,0.9466572516618978
1.7796610169491525,6.063174114021571,1.1813045711350794,0.564971751412428,3.4856720025896037,0.0,2.6592896407273297
2.61171032357473,6.694915254237288,0.0,0.0,3.776619388980107,0.0,3.456951620777966
