x,y,vx,vy,ang,angVel,t
4.121725731895223,5.400616332819722,0.0,0.0,3.0970125442888072,0.0,0.0
3.073959938366718,4.969183359013868,-1.0785824345146375,-0.46224961479198967,3.2786588278999815,0.0,0.9566840060138095
1.764252696456086,4.892141756548536,1.1813045711350794,0.564971751412428,3.7572125430189027,0.0,2.52097080021742
2.5808936825885977,5.246533127889061,0.0,0.0,3.776619388980107,0.0,3.3099796064383256
