x,y,vx,vy,ang,angVel,t
4.1987673343605545,5.169491525423728,0.0,0.0,3.024483909022929,0.0,0.0
5.955315870570107,3.96764252696456,2.0030816640986133,-1.1299435028248588,3.050932766389048,0.0,0.957284031000846
7.003081664098612,1.810477657935284,0.616332819722653,-1.1299435028248588,2.4258490639209143,0.0,1.8188226879951308
7.881355932203389,0.8089368258859775,0.0,0.0,2.9708574421145104,0.0,2.5215382422598798
