x,y,vx,vy,ang,angVel,t
1.2711864406779654,5.49306625577812,0.0,0.0,3.1217932610234005,0.0,0.0
2.519260400616332,5.554699537750385,0.0,0.0,3.153086400304824,0.0,1.289999462500336
