x,y,vx,vy,ang,angVel,t
1.3482280431432974,5.554699537750384,0.0,0.0,3.141592653589793,0.0,0.0
4.029275808936825,4.784283513097072,1.540832049306625,-0.2054442732408853,3.4310963255511817,0.0,1.5800088764593032
4.768875192604005,4.553158705701078,1.4381099126861823,-0.46224961479198967,2.8785979219088738,0.0,2.0019151523088867
7.773497688751926,2.519260400616332,0.0,0.0,2.993743288331037,0.0,3.6956048546037445
