x,y,vx,vy,ang,angVel,t
4.1987673343605545,5.1694915254237275,0.0,0.0,3.024483909022929,0.0,0.0
5.955315870570107,3.9676425269645597,2.0030816640986133,-1.1299435028248588,3.0509327663890478,0.0,1.2675024359380265
7.003081664098612,1.8104776579352841,0.616332819722653,-1.1299435028248588,2.4258490639209143,0.0,2.3662767528305197
7.881355932203389,0.8089368258859775,0.0,0.0,2.9708574421145104,0.0,3.281299817930199
