x,y,vx,vy,ang,angVel,t
4.168,5.046,0.0,0.0,3.031198770483229,0.0,0.0
8.267,2.411,0.0,0.0,2.570267504060354,0.0,1.8825295987628385
