x,y,vx,vy,ang,angVel,t
4.168,5.046,0.0,0.0,3.031198770483229,0.0,0.0
2.858,5.57,0.0,0.0,5.902678930067221,0.0,1.0129751605926125
