x,y,vx,vy,ang,angVel,t
1.317,5.512,0.0,0.0,3.141,0.0,0.0
2.858,5.57,0.0,0.0,3.179212793392675,0.0,1.0590187955213135
