x,y,vx,vy,ang,angVel,t
4.1987673343605545,5.1694915254237275,0.0,0.0,3.024483909022929,0.0,0.0
5.292758089368259,6.8644067796610155,1.3867488443759632,1.0272213662044176,3.7830653675990247,0.0,1.2118073422067435
8.004622496147919,7.480739599383666,0.0,0.0,3.123737408450241,0.0,2.7958416472851573
