x,y,vx,vy,ang,angVel,t
4.1987673343605545,5.169491525423728,0.0,0.0,3.024483909022929,0.0,0.0
5.73959938366718,4.275808936825885,1.3867488443759632,-0.051361068310222,3.7830653675990247,0.0,1.1264812654261784
7.938303657094533,5.585817615352515,0.0,0.0,3.8621467894340338,0.0,2.5052515171636696
