x,y,vx,vy,ang,angVel,t
1.317,5.512,0.0,0.0,3.141,0.0,0.0
2.858,7.034,0.0,0.0,3.9207878276593853,0.0,1.2550725410627266
