x,y,vx,vy,ang,angVel,t
1.3482280431432974,5.554699537750384,0.0,0.0,3.141592653589793,0.0,0.0
4.029275808936825,4.784283513097072,1.540832049306625,-0.2054442732408853,3.4310963255511817,0.0,1.5800088764593032
5.416024653312789,4.060092449922958,1.7462763225475086,0.051361068310222066,2.8785979219088738,0.0,2.5130650866811375
7.804314329738057,5.493066255778119,0.0,0.0,3.8163335958133446,0.0,3.9229209160480787
