x,y,vx,vy,ang,angVel,t
1.3482280431432974,5.554699537750384,0.0,0.0,3.141592653589793,0.0,0.0
3.85124049624215,6.286457014355781,1.6548999770625066,0.0,3.4310963255511817,0.0,1.4654845844908047
5.953158693251947,6.4499395407898765,1.7462763225475086,0.051361068310222,2.8785979219088738,0.0,2.39330195176173
7.821530423927323,5.819364081686937,0.0,0.0,3.141592653589793,0.0,3.595190602828714
