x,y,vx,vy,ang,angVel,t
4.1987673343605545,5.169491525423728,0.0,0.0,3.024483909022929,0.0,0.0
5.292758089368259,6.864406779661016,1.3867488443759632,1.0272213662044176,3.7830653675990247,0.0,0.9392054382046849
7.868239717194207,7.314061466227237,0.0,0.0,3.4324696692503025,0.0,2.1013616262209815
