x,y,vx,vy,ang,angVel,t
1.3482280431432974,5.554699537750384,0.0,0.0,3.141592653589793,0.0,0.0
4.029275808936825,4.784283513097072,1.540832049306625,-0.2054442732408853,3.4310963255511817,0.0,1.1892934810177958
4.768875192604005,4.553158705701078,1.4381099126861825,-0.4622496147919896,2.8785979219088738,0.0,1.5687650049214377
7.634822804314329,4.075500770416024,0.0,0.0,2.993743288331037,0.0,2.797613727199515
