x,y,vx,vy,ang,angVel,t
2.543598277042018,4.263790625855584,0.0,0.0,2.6866600333909885,0.0,0.0
2.2581411324663723,5.556986966484575,1.1723281191456512,0.025431890618275187,3.163282743462105,0.0,1.0245769664547186
2.5080823272720507,5.562409063782669,0.0,0.0,3.163282743462105,0.0,1.3336092179662018
