x,y,vx,vy,ang,angVel,t
2.1802773497688746,3.104776579352849,0.0,0.0,2.3104747387960565,0.0,0.0
4.260400616332819,1.2557781201848983,2.0544427324088352,-0.5136106831022088,2.909303664618771,0.0,1.0607523804555796
7.804314329738059,0.7935285053929109,0.0,0.0,3.0990651189700094,0.0,2.37732048509729
