x,y,vx,vy,ang,angVel,t
2.2160477107884455,4.022585284302554,0.0,0.0,3.141592653589793,0.0,0.0
2.723653884759215,2.322104601500479,2.199626753873334,-1.1844144059317951,3.141592653589793,0.0,1.294381757150046
5.033261976326215,1.3576528709560174,2.1150257248782043,1.0152123479415387,3.710905844690454,0.0,2.4739983737598576
7.7997156244669075,2.322104601500479,0.0,0.0,3.6052402625905993,0.0,4.007126845849838
