x,y,vx,vy,ang,angVel,t
0.6932291888761375,4.377909606082093,0.0,0.0,2.214297435588181,0.0,0.0
3.485063145715369,1.5860756492428618,2.6226318988489736,-2.1150257248782056,2.8712673072111268,0.0,2.0373465355836187
7.774335315768369,0.9261876230808617,0.0,0.0,2.9042184066166223,0.0,4.170724642445839
