x,y,vx,vy,ang,angVel,t
0.6932291888761375,4.377909606082093,0.0,0.0,2.214297435588181,0.0,0.0
3.510443454413908,2.0429212058165542,2.6226318988489736,-2.1150257248782056,2.8712673072111268,0.0,1.2344217047766117
7.7997156244669075,2.1190621319121696,0.0,0.0,3.710905844690454,0.0,2.648142305918082
