x,y,vx,vy,ang,angVel,t
2.543598277042018,4.263790625855584,0.0,0.0,2.6866600333909885,0.0,0.0
2.19805013590987,3.0669386847185107,1.8036834947173257,-1.113015085609055,2.7092837155190823,0.1433683145059767,0.8595556461005415
8.267,0.732,0.0,0.0,2.7966898412872925,0.0,2.720475949720816
