x,y,vx,vy,ang,angVel,t
2.1802773497688746,3.1047765793528495,0.0,0.0,2.3104747387960565,0.0,0.0
4.599383667180277,1.7334360554699524,2.311248073959937,-0.6676938880328706,2.909303664618771,0.0,1.4991271897031744
7.881355932203389,3.7057010785824334,0.0,0.0,3.697086388855337,0.0,3.3735867085466813
