x,y,vx,vy,ang,angVel,t
2.442218798151001,4.337442218798151,0.0,0.0,2.8184127563049657,0.0,0.0
1.939708427455201,5.764843157201962,0.06591812519583481,1.6479531298958694,3.6578233242015408,0.0,1.0248435542745036
2.631848742011467,6.714064160021984,0.0,0.0,4.068887871591405,0.0,1.9640260636063216
