x,y,vx,vy,ang,angVel,t
2.1802773497688746,3.104776579352849,0.0,0.0,2.3104747387960565,0.0,0.0
5.679,1.4,2.568,0.0,3.44,0.0,1.3643252339840446
8.299135593220338,3.905701078582434,0.0,0.0,3.697086388855337,0.0,2.7193378736319627
