x,y,vx,vy,ang,angVel,t
2.3549926161889605,4.38056252808943,0.0,0.0,3.4402474298796894,0.0,0.0
2.5016241795702173,5.31804592880698,0.0,0.0,4.048342817558005,0.0,1.014062499580289
