x,y,vx,vy,ang,angVel,t
2.216047710788445,4.022585284302554,0.0,0.0,3.141592653589793,0.0,0.0
2.029578058833659,2.339521733304051,2.199626753873334,-1.1844144059317951,3.141592653589793,0.0,1.0686589880371278
5.205810000981797,1.4053358679663637,2.3354646633442164,-0.077848822111474,3.710905844690454,0.0,1.975721800169617
7.751466484026995,0.7280511155965401,0.0,0.0,3.210449142890837,0.0,3.0383738463971053
