x,y,vx,vy,ang,angVel,t
0.6932291888761375,4.377909606082093,0.0,0.0,2.214297435588181,0.0,0.0
3.5104434544139074,2.0429212058165542,2.6226318988489736,-2.1150257248782056,2.8712673072111268,0.0,1.930534713696641
7.875856550562522,3.6418806538244777,0.0,0.0,3.710905844690454,0.0,4.406682655652318
