x,y,vx,vy,ang,angVel,t
2.1340523882896765,2.5346687211093992,0.0,0.0,2.227207516420564,0.0,0.0
1.579352850539291,3.7057010785824347,1.1813045711350794,1.9003595274781704,3.369866426827846,0.0,1.2051700382425767
2.5500770416024654,5.354391371340524,0.0,0.0,3.8794077137102576,0.0,2.3052840684315594
