x,y,vx,vy,ang,angVel,t
7.881355932203389,1.1016949152542377,0.0,0.0,2.650429055303533,0.0,0.0
5.44684129429892,4.229583975346687,-2.619414483821263,0.667693888032872,2.948381169741986,0.0,1.3292884845874076
4.229583975346687,5.585516178736517,0.0,0.0,3.130723516412523,0.0,2.215663326374842
