x,y,vx,vy,ang,angVel,t
0.787,4.497,0.0,0.0,2.172,0.0,0.0
2.858,5.57,0.0,0.0,3.619620862760722,0.0,1.302434105730873
