x,y,vx,vy,ang,angVel,t
0.6932291888761375,4.377909606082093,0.0,0.0,2.214297435588181,0.0,0.0
3.510443454413908,1.7429212058165542,2.6226318988489736,-2.1150257248782056,2.8712673072111268,0.0,1.5344217047766117
5.662,1.672,4.766,0.596,3.1,0.573,2
7.9997156244669075,2.1790621319121696,0.0,0.0,3.13905844690454,0.0,3.248142305918082
