x,y,vx,vy,ang,angVel,t
7.863773958327913,0.9995613072633452,0.0,0.0,2.6607053733944563,0.0,0.0
5.134763575220351,4.30205937957467,-2.307134381854219,1.252444378720862,3.244036507096917,0.0,1.351854007637662
3.928461884136574,6.536683823713471,0.0,0.0,3.352346197495001,0.0,2.4390100826819454
