x,y,vx,vy,ang,angVel,t
2.1340523882896765,2.5346687211093992,0.0,0.0,2.227207516420564,0.0,0.0
1.6718027734976886,3.4745762711864407,1.3353877760657427,0.9244992295839749,3.369866426827846,0.0,1.175245643537522
2.411402157164869,3.952234206471495,0.0,0.0,3.3845592469972914,0.0,1.9058768304489502
