x,y,vx,vy,ang,angVel,t
0.6856702619414483,4.460708782742681,0.0,0.0,2.1614167254097816,0.0,0.0
1.7488443759630197,4.5223420647149455,0.9244992295839757,0.41088854648176765,3.0090411212931185,0.0,0.9102511430243527
2.6887519260400614,5.277349768875192,0.0,0.0,4.310518332944233,0.0,1.8033936605847067
