x,y,vx,vy,ang,angVel,t
7.863773958327913,0.9995613072633451,0.0,0.0,2.6607053733944563,0.0,0.0
5.134763575220351,4.30205937957467,-2.307134381854219,1.2524443787208621,3.244036507096917,0.0,2.0073091074242524
3.928461884136574,6.536683823713471,0.0,0.0,3.3523461974950015,0.0,3.4215852202921178
