x,y,vx,vy,ang,angVel,t
2.1802773497688746,3.104776579352849,0.0,0.0,2.3104747387960565,0.0,0.0
5.679,1.672,2.568,0,3.44,0.0,1.5954589711897411
7.881355932203389,3.705701078582434,0.0,0.0,3.697086388855337,0.0,3.02675452602095
