x,y,vx,vy,ang,angVel,t
8.267,0.732,0.0,0.0,3.141592653589793,0.0,0.0
2.288,3.213,0.0,0.0,2.3210825054212965,0.0,2.0349088992525215
