x,y,vx,vy,ang,angVel,t
7.881355932203389,1.1016949152542375,0.0,0.0,2.6504290553035332,0.0,0.0
5.44684129429892,4.229583975346687,-2.619414483821263,0.667693888032872,2.948381169741986,0.0,1.8051876647245109
4.229583975346687,5.585516178736517,0.0,0.0,3.130723516412523,0.0,2.9635573687176517
