x,y,vx,vy,ang,angVel,t
2.1802773497688746,3.1047765793528495,0.0,0.0,2.3104747387960565,0.0,0.0
4.260400616332819,1.2557781201848983,2.0544427324088352,-0.5136106831022088,2.909303664618771,0.0,1.412997286045732
7.804314329738059,0.7935285053929109,0.0,0.0,3.0990651189700094,0.0,3.260464189988048
