x,y,vx,vy,ang,angVel,t
2.1802773497688746,3.1047765793528495,0.0,0.0,2.3104747387960565,0.0,0.0
4.799691833590138,3.4129429892141747,2.1571648690292764,1.4381099126861838,2.909303664618771,0.0,1.3574080119960692
7.927580893682588,5.431432973805855,0.0,0.0,3.697086388855337,0.0,3.03306603116823
