x,y,vx,vy,ang,angVel,t
2.843,2.458,0.0,0.0,2.3210825054212965,0.0,0.0
8.267,5.77,0.0,0.0,3.6897840181035972,0.0,2.155498818978694
