x,y,vx,vy,ang,angVel,t
2.1802773497688746,3.1047765793528495,0.0,0.0,2.3104747387960565,0.0,0.0
4.368258859784284,1.9029275808936812,1.6435541859270646,-0.6676938880328706,2.909303664618771,0.0,1.4435808546737345
7.896764252696457,2.2881355932203378,0.0,0.0,3.593045745142347,0.0,3.3205496406681405
