x,y,vx,vy,ang,angVel,t
0.787,4.497,0.0,0.0,2.172,0.0,0.0
2.858,7.034,0.0,0.0,4.027776643421742,0.0,1.543306291501351
