x,y,vx,vy,ang,angVel,t
2.1802773497688746,3.104776579352849,0.0,0.0,2.3104747387960565,0.0,0.0
4.785426361579837,3.71744588467714,1.8683717306753749,1.01203468744916,2.909303664618771,0.0,1.0890226496486326
7.821530423927323,2.783260019339453,0.0,0.0,2.582993338246232,0.0,2.3110079219901456
