x,y,vx,vy,ang,angVel,t
0.787,4.497,0.0,0.0,2.172,0.0,0.0
2.48230565465458,3.502659292329662,4.239238043307731,-0.6480977026016073,2.390399973628126,0.5201471969298418,0.8500433548310207
3.4823835562490686,2.271772084468169,4.234739571149395,0.5146682788519846,2.492628646828554,0.48905652331603927,1.3298186940129197
5.246561240508482,4.038705929450306,4.674700303877587,0.7955739955663328,2.723971916580203,0.605956560477765,1.9005161240219262
8.267,5.77,0.0,0.0,3.9263880165703235,0.0,3.0512845753894884
