x,y,vx,vy,ang,angVel,t
0.6932291888761375,4.377909606082093,0.0,0.0,2.214297435588181,0.0,0.0
2.9266963543475226,3.0327532450595545,1.6920205799025645,-0.2538030869853832,2.8712673072111268,0.0,1.0835626718489573
6.226136485157523,4.479430840876247,1.0998133769366656,0.930611318946412,3.710905844690454,0.0,2.269677834223783
7.951997476658139,7.06822232812717,0.0,0.0,4.0318677557174745,0.0,3.493320390011271
