x,y,vx,vy,ang,angVel,t
2.216047710788445,4.022585284302554,0.0,0.0,3.141592653589793,0.0,0.0
2.723653884759215,2.322104601500479,2.199626753873334,-1.1844144059317951,3.141592653589793,0.0,0.9559642823042864
5.033261976326215,1.3576528709560174,2.1150257248782043,1.0152123479415387,3.710905844690454,0.0,1.8650391967577828
7.7997156244669075,2.322104601500479,0.0,0.0,3.6052402625905993,0.0,2.9996085129596857
