x,y,vx,vy,ang,angVel,t
2.843,2.458,0.0,0.0,2.3210825054212965,0.0,0.0
1.647937140399511,3.966123742477649,0.011666449725484154,3.559044929587715,2.073376257454007,-0.5860945427709919,0.876610578994453
2.858,7.034,0.0,0.0,4.143554886354944,0.0,2.041653455278576
