x,y,vx,vy,ang,angVel,t
0.6856702619414483,4.460708782742681,0.0,0.0,2.1614167254097816,0.0,0.0
2.519260400616333,4.106317411402157,0.0,0.0,3.1327433270735354,0.0,1.5635814182723307
