x,y,vx,vy,ang,angVel,t
0.6932291888761375,4.377909606082093,0.0,0.0,2.214297435588181,0.0,0.0
3.510443454413908,1.3929212058165542,2.6226318988489736,-2.1150257248782056,2.8712673072111268,0.0,1.2737118716564906
5.662,1.312,4.766,0.596,3.1,0.573,1.7911491413690839
8.299715624466907,2.6790621319121697,0.0,0.0,3.13905844690454,0.0,2.828287470716817
