x,y,vx,vy,ang,angVel,t
2.543598277042018,4.263790625855584,0.0,0.0,2.6866600333909885,0.0,0.0
2.252434914599619,5.475117714220727,1.852209390041468,1.0311222603431711,2.709911689282237,0.1472254634142481,0.8594963934281676
2.227542503845174,6.176969826684201,2.0930656010658586,0.8507030777668289,2.726619908537816,0.1557460669352807,1.3253650461241124
8.267,7.45,0.0,0.0,3.324826008827327,0.0,3.1155651159147633
