x,y,vx,vy,ang,angVel,t
0.787,4.497,0.0,0.0,2.172,0.0,0.0
4.601988422241071,1.2333159458005425,4.394053663768728,-2.211712840118886,2.7364518374561286,0.5695778277900369,1.4030395726237628
8.267,0.532,0.0,0.0,3.246699605027545,0.0,2.5872326066332856
