x,y,vx,vy,ang,angVel,t
2.843,2.458,0.0,0.0,2.3210825054212965,0.0,0.0
8.267,5.77,0.0,0.0,3.689784018103597,0.0,2.1498826191015117
