x,y,vx,vy,ang,angVel,t
2.216047710788445,4.022585284302554,0.0,0.0,3.141592653589793,0.0,0.0
1.9368643151045224,2.9312320102654006,1.6920205799025645,-0.2538030869853832,3.141592653589793,0.0,0.9028009416692778
5.718530311186754,4.251008062589401,1.269015434926922,0.6768082319610258,3.710905844690454,0.0,2.1635561268951897
7.520532228782985,4.174867136493785,0.0,0.0,3.141592653589793,0.0,3.123212366599511
