x,y,vx,vy,ang,angVel,t
2.843,2.458,0.0,0.0,2.3210825054212965,0.0,0.0
8.267,0.732,0.0,0.0,2.8335094334822424,0.0,2.034609445817572
