x,y,vx,vy,ang,angVel,t
8.267,0.732,0.0,0.0,3.141592653589793,0.0,0.0
5.0,1.285,-4.861,0.5,2.439,0.269,1.1
2.288,3.213,0.0,0.0,2.3210825054212965,0.0,2.16971
