x,y,vx,vy,ang,angVel,t
1.3374878369040135,5.704795059447731,0.0,0.0,0.0,0.0,0.0
2.938833818503377,5.813977740011325,0.0,0.0,0.0,0.0,1.4612077112668882
